{
  "rmse": 0.8721916309130547,
  "mae": 0.6722908012159864,
  "r2": 0.23994787442256738
}