{
  "rmse": 0.9175709502623793,
  "mae": 0.7368561937823194,
  "r2": 0.15880078461795444
}