{
  "rmse": 0.8812748674370368,
  "mae": 0.6862119445185554,
  "r2": 0.2240346699344885
}